question,source,index,duration
"Why didn't Yosef reveal himself immediately when 
his brothers came?","Tiferet_Shlomo,_on_Torah,_Miketz.14",3,"2.0"
"What do tzadikim focus on during Kiddush Shabbat 
night?","Tiferet_Shlomo,_on_Torah,_Vayera.39",12,"0.4"
"Tell me about newlywed yingeleit going to kollel?","Tiferet_Shlomo,_on_Torah,_Vayetzei.22",4,"0.4"
"Please explain the concept of שבת היא מלזעוק","Tiferet_Shlomo,_on_Torah,_Mishpatim.4",9,"0.4"
"Tell me about נסיון העושר","Tiferet_Shlomo,_on_Torah,_Bechukotai.8",NOT FOUND,"0.4"
"What does the Torah say about honoring one's 
parents?","Tiferet_Shlomo,_on_Torah,_Kedoshim.3",2,"0.4"
"איזה חמשה קנינים קנה לו הקב""ה בעולמו","Tiferet_Shlomo,_on_Torah,_Bereshit.2",1,"0.4"
"there are so many כוונות in every מצוה how is it 
possible for a simple man to do a mitzvah and it 
should be considered like he had everything in 
mind?","Tiferet_Shlomo,_on_Torah,_Bereshit.33",9,"0.4"
"why wasnt אברהם מספיד his wife sarah?","Tiferet_Shlomo,_on_Torah,_Chayei_Sara.5",75,"0.4"
"what the tiferes shlomo guidance on looking for a 
zivug?","Tiferet_Shlomo,_on_Torah,_Chayei_Sara.15",5,"0.4"
"what happens when someone is too arrogant and 
doesn't to go to a tzadik","Tiferet_Shlomo,_on_Torah,_Chayei_Sara.16",20,"0.4"
"why did eliezer have קפיצת הדרך when he went to 
find a wife for his boss's son","Tiferet_Shlomo,_on_Torah,_Chaye_Sara.17",NOT FOUND,"0.4"
"where do we see that someone who supports torah 
scholars is worthy of השפעות טובות?","Tiferet_Shlomo,_on_Torah,_Chayei_Sara.9",NOT FOUND,"0.4"
"where do we see the greatness of eating at the 
table of a tzadik?","Tiferet_Shlomo,_on_Torah,_Chayei_Sara.21",4,"0.4"
"where does he talk about tazdikim who think too 
highly of themselves and they get weaker in their 
intense avodah?","Tiferet_Shlomo,_on_Torah,_Vayera.1",NOT FOUND,"0.4"
"why is a bris performed on the 8th day?","Tiferet_Shlomo,_on_Torah,_Vayera.2",2,"0.4"
"did avraham have pain from the bris?","Tiferet_Shlomo,_on_Torah,_Vayera.3",1,"0.4"
"why did the angel of destroying sedom come with 
the other 2 angels that came to heal abraham and 
tell sarah about her pregnancy?","Tiferet_Shlomo,_on_Torah,_Vayera.4",1,"0.4"
"what didnt avraham do until he was circumcised?","Tiferet_Shlomo,_on_Torah,_Vayera.6",1,"0.4"
"למה בדור המבול נאבדו לגמרי משא''כ בדור הפלגה שרק 
נפרדו זה מזה","Tiferet_Shlomo,_on_Torah,_Vayera.15",29,"0.4"
"איפה אנו רואים הסגולה של הודאה להשם על טובותיו","Tiferet_Shlomo,_on_Torah,_Vayera.21",19,"0.6"
"איפה למדים שגם באחרית הימים כשנהיה טרודים בפרנסה 
ג''כ יהיה ה' מוסתר בלב ישראל","Tiferet_Shlomo,_on_Torah,_Beshalach.3",13,"0.4"
"למה צריך שמירה גדולה בהשפעת פרנסה ","Tiferet_Shlomo,_on_Torah,_Beshalach.28",NOT FOUND,"0.4"
"אם ננעלו שערי תפלה משחרב ביהמ''ק איך מתקבלים 
התפילות בזה''ז?","Tiferet_Shlomo,_on_Torah,_Beshalach.30",4,"0.4"
"How is it possible that moshe rabeinu never spoke 
דברים בטלים only דברי תורה even if he was the מלך 
כוש?","Tiferet_Shlomo,_on_Torah,_Devarim.3",1,"0.4"
"how is it possible to daven for יראת שמים if its a 
thing that only depends on our free will?","Tiferet_Shlomo,_on_Torah,_Nasso.2",3,"0.4"
"what should a person have in mind while eating?","Tiferet_Shlomo,_on_Torah,_Bechukotai.5",1,"0.4"
"where do we see a story of someone who was up 
studying torah for a huge amount of nights?","Tiferet_Shlomo,_on_Torah,_Tzav.1",NOT FOUND,"0.4"
"if someone is too busy working for parnassah and 
he claims that he wants to be rich and be able to 
serve hashem with peace, is his claim valid or 
does hashem want something else from him?","Tiferet_Shlomo,_on_Torah,_Vaera.7",NOT FOUND,"0.4"
"whats the difference between someone who davens 
for his own problems, vs davening for the צער 
השכינה?","Tiferet_Shlomo,_on_Torah,_Beshalach.18",NOT FOUND,"0.4"
"whats the segula of shabbos food?","Tiferet_Shlomo,_on_Torah,_Mishpatim.4",1,"0.4"
"whats the purpose of a נגע, is it a physical 
illness?","Tiferet_Shlomo,_on_Torah,_Tazria.7",1,"0.4"
"which person merits to double his פרנסה?","Tiferet_Shlomo,_on_Torah,_Bechukotai.4",87,"0.4"
"whats the main avoda in the times before moshicach 
comes?","Tiferet_Shlomo,_on_Torah,_Eikev.2",32,"0.4"
"whats the point of conquering the yetzer hara 
every day anew, why can't I conquer him once and 
for all? Why does he come back again and again 
every few days?","Tiferet_Shlomo,_on_Torah,_Ki_Teitzei.1",1,"0.4"
"what do we say to a person who says that he sinned 
so much h is anyway doomed, soy bother and repent?","Tiferet_Shlomo,_on_Torah,_Rosh_Hashanah.9",9,"0.4"
"what happend to a mitzvah that a person does only 
for the sake of his own benefit and enjoyment? or 
better yet what doesn't happen with the mitzvah?","Tiferet_Shlomo,_on_Torah,_Vayeilech.3",5,"0.4"
"what happened in the world in parshas haazinu when 
moshe rabbeinu spoke?","Tiferet_Shlomo,_on_Torah,_Ha'Azinu.3",3,"0.4"
"whats the mechanism that tzadikim use according to 
the noam elimelech to heal sick people?","Tiferet_Shlomo,_on_Torah,_Ha'Azinu.5",2,"0.4"
