165656	Festivals -> Purim
114763	Festivals -> Shavuot
092592	Festivals -> Pesach
071941	Festivals -> Sukkot
068201	Festivals -> Shaar Tefillah
063546	Torah -> Beshalach
058213	Festivals -> Rosh Hashanah
052747	Torah -> Bereshit
050048	Festivals -> Zot Chanukah
049218	Festivals -> Shaar Keriat Shema
048794	Torah -> Toldot
043323	Torah -> Shemot
043149	Festivals -> Shemini Atzeret
038359	Torah -> Pinchas
036318	Torah -> Vayera
035896	Torah -> Vayeshev
034106	Torah -> Vaetchanan
033850	Torah -> Lech Lecha
033306	Festivals -> Shabbat HaGadol
032117	Torah -> Yitro
031163	Torah -> Ki Teitzei
030597	Torah -> Vayetzei
029822	Festivals -> Shabbat
029497	Torah -> Shabbat Nachamu
028277	Torah -> Miketz
027692	Torah -> Ki Tisa
027688	Torah -> Rosh Hashanah
027420	Torah -> Chayei Sara
024382	Festivals -> Chanukah
023297	Festivals -> Introduction
023184	Torah -> Balak
022582	Torah -> Devarim
022444	Torah -> Eikev
021963	Torah -> Re'eh
021817	Torah -> Bechukotai
021816	Torah -> Ki Tavo
020258	Torah -> Shoftim
019445	Torah -> Matot
019296	Torah -> Korach
018541	Festivals -> Pirkei Avot
017141	Festivals -> Hoshana Rabba
016936	Festivals -> Shabbat Chanukah
016841	Torah -> Vaera
016683	Festivals -> Yom Kippur
016464	Torah -> Vayishlach
016380	Torah -> Noach
016107	Torah -> Shmini
015851	Torah -> Nitzavim
015188	Torah -> Vayikra
015187	Torah -> Vayakhel
014677	Torah -> Achrei Mot
014560	Festivals -> Shabbat Shuva
014541	Torah -> Terumah
014530	Festivals -> Rosh Chodesh
014431	Torah -> Kedoshim
013665	Torah -> Tazria
013629	Torah -> Masei
012880	Torah -> Mishpatim
012843	Torah -> Chukat
012573	Torah -> Bo
011789	Torah -> Emor
011458	Torah -> Beha'alotcha
011318	Torah -> Metzora
011163	Torah -> Ha'Azinu
010356	Torah -> The Three Weeks
010136	Festivals -> Sefirat HaOmer
009684	Torah -> Vayeilech
009612	Torah -> Pekudei
009434	Torah -> Vayechi
008944	Festivals -> Ruth
008514	Festivals -> Birkat HaTorah
008148	Torah -> Tetzaveh
007435	Torah -> Shabbat Chazon
007206	Torah -> Tzav
006978	Festivals -> Lag BaOmer
006800	Torah -> Nasso
005180	Festivals -> Erev Yom Kippur
004551	Torah -> Behar
003502	Festivals -> Shabbat Chol Hamoed Sukkot
003295	Torah -> Sh'lach
003128	Festivals -> Parashat HaChodesh
002976	Torah -> Parashat Zachor
002905	Festivals -> Hoshanot
001754	Torah -> Parashat Shekalim
000000	Torah -> Vayigash
000000	Torah -> V'Zot HaBerachah
000000	Torah -> Tisha B'Av
000000	Torah -> Bamidbar
000000	Festivals -> Kabbalat Shabbat